old_j	new_j   1.58
smart_j	intelligent_j	9.2
hard_j	difficult_j	8.77
happy_j	cheerful_j	9.55
hard_j	easy_j	0.95
fast_j	rapid_j	8.75
happy_j	glad_j	9.17
short_j	long_j	1.23
stupid_j	dumb_j	9.58
weird_j	strange_j	8.93
wide_j	narrow_j	1.03
bad_j	awful_j	8.42
easy_j	difficult_j	0.58
bad_j	terrible_j	7.78
hard_j	simple_j	1.38
smart_j	dumb_j	0.55
insane_j	crazy_j	9.57
happy_j	mad_j	0.95
large_j	huge_j	9.47
hard_j	tough_j	8.05
new_j	fresh_j	6.83
sharp_j	dull_j	0.6
quick_j	rapid_j	9.7
dumb_j	foolish_j	6.67
wonderful_j	terrific_j	8.63
strange_j	odd_j	9.02
happy_j	angry_j	1.28
narrow_j	broad_j	1.18
simple_j	easy_j	9.4
old_j	fresh_j	0.87
apparent_j	obvious_j	8.47
inexpensive_j	cheap_j	8.72
nice_j	generous_j	5
weird_j	normal_j	0.72
weird_j	odd_j	9.2
bad_j	immoral_j	7.62
sad_j	funny_j	0.95
wonderful_j	great_j	8.05
guilty_j	ashamed_j	6.38
beautiful_j	wonderful_j	6.5
confident_j	sure_j	8.27
dumb_j	dense_j	7.27
large_j	big_j	9.55
nice_j	cruel_j	0.67
impatient_j	anxious_j	6.03
big_j	broad_j	6.73
strong_j	proud_j	3.17
unnecessary_j	necessary_j	0.63
restless_j	young_j	1.6
dumb_j	intelligent_j	0.75
bad_j	great_j	0.35
difficult_j	simple_j	0.87
necessary_j	important_j	7.37
bad_j	terrific_j	0.65
mad_j	glad_j	1.45
honest_j	guilty_j	1.18
easy_j	tough_j	0.52
easy_j	flexible_j	4.1
certain_j	sure_j	8.42
essential_j	necessary_j	8.97
different_j	normal_j	1.08
sly_j	clever_j	7.25
crucial_j	important_j	8.82
harsh_j	cruel_j	8.18
childish_j	foolish_j	5.5
scarce_j	rare_j	9.17
friendly_j	generous_j	5.9
fragile_j	frigid_j	2.38
long_j	narrow_j	3.57
big_j	heavy_j	6.18
rough_j	frigid_j	2.47
bizarre_j	strange_j	9.37
illegal_j	immoral_j	4.28
bad_j	guilty_j	4.2
modern_j	ancient_j	0.73
new_j	ancient_j	0.23
dull_j	funny_j	0.55
happy_j	young_j	2
easy_j	big_j	1.12
great_j	awful_j	1.17
tiny_j	huge_j	0.6
polite_j	proper_j	7.63
modest_j	ashamed_j	2.65
exotic_j	rare_j	8.05
dumb_j	clever_j	1.17
delightful_j	wonderful_j	8.65
noticeable_j	obvious_j	8.48
afraid_j	anxious_j	5.07
formal_j	proper_j	8.02
dreary_j	dull_j	8.25
delightful_j	cheerful_j	6.58
unhappy_j	mad_j	5.95
sad_j	terrible_j	5.4
sick_j	crazy_j	3.57
violent_j	angry_j	6.98
laden_j	heavy_j	5.9
dirty_j	cheap_j	1.6
elastic_j	flexible_j	7.78
hard_j	dense_j	5.9
recent_j	new_j	7.05
bold_j	proud_j	3.97
sly_j	strange_j	1.97
strange_j	sly_j	2.07
dumb_j	rare_j	0.48
sly_j	tough_j	0.58
terrific_j	mad_j	0.4
modest_j	flexible_j	0.98
fresh_j	wide_j	0.4
huge_j	dumb_j	0.48
large_j	flexible_j	0.48
dirty_j	narrow_j	0.3
wife_n	husband_n	2.3
book_n	text_n	6.35
groom_n	bride_n	3.17
night_n	day_n	1.88
south_n	north_n	2.2
plane_n	airport_n	3.65
uncle_n	aunt_n	5.5
horse_n	mare_n	8.33
bottom_n	top_n	0.7
friend_n	buddy_n	8.78
student_n	pupil_n	9.35
world_n	globe_n	6.67
leg_n	arm_n	2.88
plane_n	jet_n	8.1
woman_n	man_n	3.33
horse_n	colt_n	7.07
actress_n	actor_n	7.12
teacher_n	instructor_n	9.25
movie_n	film_n	8.87
bird_n	hawk_n	7.85
word_n	dictionary_n	3.68
money_n	salary_n	7.88
dog_n	cat_n	1.75
area_n	region_n	9.47
navy_n	army_n	6.43
book_n	literature_n	7.53
clothes_n	closet_n	3.27
sunset_n	sunrise_n	2.47
child_n	adult_n	2.98
cow_n	cattle_n	9.52
book_n	story_n	5.63
winter_n	summer_n	2.38
taxi_n	cab_n	9.2
tree_n	maple_n	5.53
bed_n	bedroom_n	3.4
roof_n	ceiling_n	7.58
disease_n	infection_n	7.15
arm_n	shoulder_n	4.85
sheep_n	lamb_n	8.42
lady_n	gentleman_n	3.42
boat_n	anchor_n	2.25
priest_n	monk_n	6.28
toe_n	finger_n	4.68
river_n	stream_n	7.3
anger_n	fury_n	8.73
date_n	calendar_n	4.42
sea_n	ocean_n	8.27
second_n	minute_n	4.62
hand_n	thumb_n	3.88
wood_n	log_n	7.3
mud_n	dirt_n	7.32
hallway_n	corridor_n	9.28
way_n	manner_n	7.62
mouse_n	cat_n	1.12
cop_n	sheriff_n	9.05
death_n	burial_n	4.93
music_n	melody_n	6.98
beer_n	alcohol_n	7.5
mouth_n	lip_n	7.1
storm_n	hurricane_n	6.38
tax_n	income_n	2.38
flower_n	violet_n	6.95
paper_n	cardboard_n	5.38
floor_n	ceiling_n	1.73
beach_n	seashore_n	8.33
rod_n	curtain_n	3.03
hound_n	fox_n	2.38
street_n	alley_n	5.48
boat_n	deck_n	4.28
car_n	horn_n	2.57
friend_n	guest_n	4.25
employer_n	employee_n	3.65
hand_n	wrist_n	3.97
ball_n	cannon_n	2.58
alcohol_n	brandy_n	6.98
victory_n	triumph_n	8.98
telephone_n	booth_n	3.63
door_n	doorway_n	5.4
motel_n	inn_n	8.17
clothes_n	cloth_n	5.47
steak_n	meat_n	7.47
nail_n	thumb_n	3.55
band_n	orchestra_n	7.08
book_n	bible_n	5
business_n	industry_n	7.02
winter_n	season_n	6.27
decade_n	century_n	3.48
alcohol_n	gin_n	8.65
hat_n	coat_n	2.67
window_n	door_n	3.33
arm_n	wrist_n	3.57
house_n	apartment_n	5.8
glass_n	crystal_n	6.27
wine_n	brandy_n	5.15
creator_n	maker_n	9.62
dinner_n	breakfast_n	3.33
arm_n	muscle_n	3.72
bubble_n	suds_n	8.57
bread_n	flour_n	3.33
death_n	tragedy_n	5.8
absence_n	presence_n	0.4
gun_n	cannon_n	5.68
grass_n	blade_n	4.57
ball_n	basket_n	1.67
hose_n	garden_n	1.67
boy_n	kid_n	7.5
church_n	choir_n	2.95
clothes_n	drawer_n	3.02
tower_n	bell_n	1.9
father_n	parent_n	7.07
school_n	grade_n	4.42
parent_n	adult_n	5.37
bar_n	jail_n	1.9
car_n	highway_n	3.4
dictionary_n	definition_n	6.25
door_n	cellar_n	1.97
army_n	legion_n	5.95
metal_n	aluminum_n	7.25
chair_n	bench_n	6.67
cloud_n	fog_n	6
boy_n	son_n	6.75
water_n	ice_n	6.47
bed_n	blanket_n	3.02
attorney_n	lawyer_n	9.35
area_n	zone_n	8.33
business_n	company_n	9.02
clothes_n	fabric_n	5.87
sweater_n	jacket_n	7.15
money_n	capital_n	6.67
hand_n	foot_n	4.17
alcohol_n	cocktail_n	6.73
yard_n	inch_n	3.78
molecule_n	atom_n	6.45
lens_n	camera_n	4.28
meal_n	dinner_n	7.15
eye_n	tear_n	3.55
god_n	devil_n	1.8
loop_n	belt_n	3.1
rat_n	mouse_n	7.78
motor_n	engine_n	8.65
car_n	cab_n	7.42
cat_n	lion_n	6.75
size_n	magnitude_n	6.33
reality_n	fantasy_n	1.03
door_n	gate_n	5.25
cat_n	pet_n	5.95
tin_n	aluminum_n	6.42
bone_n	jaw_n	4.17
cereal_n	wheat_n	3.75
house_n	key_n	1.9
blood_n	flesh_n	4.28
door_n	corridor_n	3.73
god_n	spirit_n	7.3
capability_n	competence_n	7.62
abundance_n	plenty_n	8.97
sofa_n	chair_n	6.67
wall_n	brick_n	4.68
horn_n	drum_n	2.68
organ_n	liver_n	6.15
strength_n	might_n	7.07
phrase_n	word_n	5.48
band_n	parade_n	3.92
stomach_n	waist_n	5.9
cloud_n	storm_n	5.6
joy_n	pride_n	5
noise_n	rattle_n	6.17
rain_n	mist_n	5.97
beer_n	beverage_n	5.42
man_n	uncle_n	3.92
apple_n	juice_n	2.88
intelligence_n	logic_n	6.5
communication_n	language_n	7.47
mink_n	fur_n	6.83
mob_n	crowd_n	7.85
shore_n	coast_n	8.83
wire_n	cord_n	7.62
bird_n	turkey_n	6.58
bed_n	crib_n	7.3
competence_n	ability_n	7.5
cloud_n	haze_n	7.32
supper_n	meal_n	7.53
bar_n	cage_n	2.8
water_n	salt_n	1.3
sense_n	intuition_n	7.68
situation_n	condition_n	6.58
crime_n	theft_n	7.53
style_n	fashion_n	8.5
boundary_n	border_n	9.08
arm_n	body_n	4.05
boat_n	car_n	2.37
sandwich_n	lunch_n	6.3
bride_n	princess_n	2.8
heroine_n	hero_n	8.78
car_n	gauge_n	1.13
insect_n	bee_n	6.07
crib_n	cradle_n	8.55
animal_n	person_n	3.05
marijuana_n	herb_n	6.5
bed_n	hospital_n	0.92
cheek_n	tongue_n	4.52
disc_n	computer_n	3.2
curve_n	angle_n	3.33
grass_n	moss_n	5
school_n	law_n	1.13
foot_n	head_n	2.3
mother_n	guardian_n	6.5
orthodontist_n	dentist_n	8.27
alcohol_n	whiskey_n	7.27
mouth_n	tooth_n	6.3
breakfast_n	bacon_n	4.37
bathroom_n	bedroom_n	3.4
plate_n	bowl_n	5.23
meat_n	bacon_n	5.8
air_n	helium_n	3.63
worker_n	employer_n	5.37
body_n	chest_n	4.45
son_n	father_n	3.82
heart_n	surgery_n	1.08
woman_n	secretary_n	1.98
man_n	father_n	4.83
beach_n	island_n	5.6
story_n	topic_n	5
game_n	fun_n	3.42
weekend_n	week_n	4
couple_n	pair_n	8.33
woman_n	wife_n	5.72
sheep_n	cattle_n	4.77
purse_n	bag_n	8.33
ceiling_n	cathedral_n	2.42
bean_n	coffee_n	5.15
wood_n	paper_n	2.88
top_n	side_n	1.9
crime_n	fraud_n	5.65
pain_n	harm_n	5.38
lover_n	companion_n	5.97
evening_n	dusk_n	7.78
father_n	daughter_n	2.62
wine_n	liquor_n	7.85
cow_n	goat_n	2.93
belief_n	opinion_n	7.7
reality_n	illusion_n	1.42
pact_n	agreement_n	9.02
wealth_n	poverty_n	1.27
accident_n	emergency_n	4.93
battle_n	conquest_n	7.22
friend_n	teacher_n	2.62
illness_n	infection_n	6.9
game_n	trick_n	2.32
brother_n	son_n	3.48
aunt_n	nephew_n	3.1
worker_n	mechanic_n	4.92
doctor_n	orthodontist_n	5.58
oak_n	maple_n	6.03
bee_n	queen_n	3.27
car_n	bicycle_n	3.47
goal_n	quest_n	5.83
august_n	month_n	5.53
army_n	squad_n	5.08
cloud_n	weather_n	4.87
physician_n	doctor_n	8.88
canyon_n	valley_n	6.75
river_n	valley_n	1.67
sun_n	sky_n	2.27
target_n	arrow_n	3.25
chocolate_n	pie_n	2.27
circumstance_n	situation_n	7.85
opinion_n	choice_n	5.43
rhythm_n	melody_n	6.12
gut_n	nerve_n	4.93
day_n	dawn_n	5.47
cattle_n	beef_n	7.03
doctor_n	professor_n	4.65
arm_n	vein_n	3.65
room_n	bath_n	3.33
corporation_n	business_n	9.02
fun_n	football_n	1.97
hill_n	cliff_n	4.28
bone_n	ankle_n	3.82
apple_n	candy_n	2.08
helper_n	maid_n	5.58
leader_n	manager_n	7.27
lemon_n	tea_n	1.6
bee_n	ant_n	2.78
basketball_n	baseball_n	4.92
rice_n	bean_n	2.72
bed_n	furniture_n	6.08
emotion_n	passion_n	7.72
anarchy_n	chaos_n	7.93
crime_n	violation_n	7.12
machine_n	engine_n	5.58
beach_n	sea_n	4.68
alley_n	bowl_n	1.53
jar_n	bottle_n	7.83
strength_n	capability_n	5.28
seed_n	mustard_n	3.48
guitar_n	drum_n	3.78
opinion_n	idea_n	5.7
north_n	west_n	3.63
diet_n	salad_n	2.98
mother_n	wife_n	3.02
dad_n	mother_n	3.55
captain_n	sailor_n	5
meter_n	yard_n	5.6
beer_n	champagne_n	4.45
motor_n	boat_n	2.57
card_n	bridge_n	1.97
science_n	psychology_n	4.92
sinner_n	saint_n	1.6
destruction_n	construction_n	0.98
crowd_n	bunch_n	7.42
beach_n	reef_n	3.77
man_n	child_n	4.13
bread_n	cheese_n	1.95
champion_n	winner_n	8.73
celebration_n	ceremony_n	7.72
menu_n	order_n	3.62
king_n	princess_n	3.27
wealth_n	prestige_n	6.07
endurance_n	strength_n	6.58
danger_n	threat_n	8.78
god_n	priest_n	4.5
men_n	fraternity_n	3.13
buddy_n	companion_n	8.65
teacher_n	helper_n	4.28
body_n	stomach_n	3.93
tongue_n	throat_n	3.1
house_n	carpet_n	1.38
intelligence_n	skill_n	5.35
journey_n	conquest_n	4.72
god_n	prey_n	1.23
brother_n	soul_n	0.97
adversary_n	opponent_n	9.05
death_n	catastrophe_n	4.13
monster_n	demon_n	6.95
day_n	morning_n	4.87
man_n	victor_n	1.9
friend_n	guy_n	3.88
song_n	story_n	3.97
ray_n	sunshine_n	6.83
guy_n	stud_n	5.83
chicken_n	rice_n	1.43
box_n	elevator_n	1.32
butter_n	potato_n	1.22
apartment_n	furniture_n	1.28
lake_n	swamp_n	4.92
salad_n	vinegar_n	1.13
flower_n	bulb_n	4.48
cloud_n	mist_n	6.67
driver_n	pilot_n	6.28
sugar_n	honey_n	5.13
body_n	shoulder_n	2.88
idea_n	image_n	3.55
father_n	brother_n	4.2
moon_n	planet_n	5.87
ball_n	costume_n	2.32
rail_n	fence_n	5.22
room_n	bed_n	2.35
flower_n	bush_n	4.25
bone_n	knee_n	4.17
arm_n	knee_n	2.75
bottom_n	side_n	2.63
vessel_n	vein_n	5.15
cat_n	rabbit_n	2.37
meat_n	sandwich_n	2.35
belief_n	concept_n	5.08
intelligence_n	insight_n	5.9
attention_n	interest_n	7.22
attitude_n	confidence_n	4.35
right_n	justice_n	7.05
argument_n	agreement_n	1.45
depth_n	magnitude_n	6.12
medium_n	news_n	3.65
winner_n	candidate_n	2.78
birthday_n	date_n	5.08
fee_n	payment_n	7.15
bible_n	hymn_n	5.15
exit_n	doorway_n	5.5
man_n	sentry_n	3.25
aisle_n	hall_n	6.35
whiskey_n	gin_n	6.28
blood_n	marrow_n	3.4
oil_n	mink_n	1.23
floor_n	deck_n	5.55
roof_n	floor_n	2.62
door_n	floor_n	1.67
shoulder_n	head_n	3.42
wagon_n	carriage_n	7.7
car_n	carriage_n	5.13
elbow_n	ankle_n	3.13
wealth_n	fame_n	4.02
sorrow_n	shame_n	4.77
administration_n	management_n	7.25
communication_n	conversation_n	8.02
pollution_n	atmosphere_n	4.25
anatomy_n	biology_n	5.33
college_n	profession_n	3.12
book_n	topic_n	2.07
formula_n	equation_n	7.95
book_n	information_n	5
boy_n	partner_n	1.9
sky_n	universe_n	4.68
population_n	people_n	7.68
college_n	class_n	4.13
chief_n	mayor_n	4.85
rabbi_n	minister_n	7.62
meter_n	inch_n	5.08
polyester_n	cotton_n	5.63
lawyer_n	banker_n	1.88
violin_n	instrument_n	6.58
camp_n	cabin_n	4.2
pot_n	appliance_n	2.53
linen_n	fabric_n	7.47
whiskey_n	champagne_n	5.33
girl_n	child_n	5.38
cottage_n	cabin_n	7.72
bird_n	hen_n	7.03
racket_n	noise_n	8.1
sunset_n	evening_n	5.98
drizzle_n	rain_n	9.17
adult_n	baby_n	2.22
charcoal_n	coal_n	7.63
body_n	spine_n	4.78
head_n	nail_n	2.47
log_n	timber_n	8.05
spoon_n	cup_n	2.02
body_n	nerve_n	3.13
man_n	husband_n	5.32
bone_n	neck_n	2.53
frustration_n	anger_n	6.5
river_n	sea_n	5.72
task_n	job_n	8.87
club_n	society_n	5.23
reflection_n	image_n	7.27
prince_n	king_n	5.92
snow_n	weather_n	5.48
people_n	party_n	2.2
boy_n	brother_n	6.67
root_n	grass_n	3.55
brow_n	eye_n	3.82
money_n	pearl_n	2.1
money_n	diamond_n	3.42
vehicle_n	bus_n	6.47
cab_n	bus_n	5.6
house_n	barn_n	4.33
finger_n	palm_n	3.33
car_n	bridge_n	0.95
effort_n	difficulty_n	4.45
fact_n	insight_n	4.77
job_n	management_n	3.97
cancer_n	sickness_n	7.93
word_n	newspaper_n	2.47
composer_n	writer_n	6.58
actor_n	singer_n	4.52
shelter_n	hut_n	6.47
bathroom_n	kitchen_n	3.1
cabin_n	hut_n	6.53
door_n	kitchen_n	1.67
value_n	belief_n	7.07
wisdom_n	intelligence_n	7.47
ignorance_n	intelligence_n	1.5
happiness_n	luck_n	2.38
idea_n	scheme_n	6.75
mood_n	emotion_n	8.12
happiness_n	peace_n	6.03
despair_n	misery_n	7.22
logic_n	arithmetic_n	3.97
denial_n	confession_n	1.03
argument_n	criticism_n	5.08
aggression_n	hostility_n	8.48
hysteria_n	confusion_n	6.33
chemistry_n	theory_n	3.17
trial_n	verdict_n	3.33
comfort_n	safety_n	5.8
confidence_n	self_n	3.12
vision_n	perception_n	6.88
era_n	decade_n	5.4
biography_n	fiction_n	1.38
discussion_n	argument_n	5.48
code_n	symbol_n	6.03
danger_n	disease_n	3
accident_n	catastrophe_n	5.9
journey_n	trip_n	8.88
activity_n	movement_n	7.15
gossip_n	news_n	5.22
father_n	god_n	3.57
action_n	course_n	5.45
fever_n	illness_n	7.65
aviation_n	flight_n	8.18
game_n	action_n	4.85
molecule_n	air_n	3.05
home_n	state_n	2.58
word_n	literature_n	4.77
adult_n	guardian_n	6.9
newspaper_n	information_n	5.65
communication_n	television_n	5.6
cousin_n	uncle_n	4.63
author_n	reader_n	1.6
guy_n	partner_n	3.57
area_n	corner_n	2.07
ballad_n	song_n	7.53
wall_n	decoration_n	2.62
word_n	page_n	2.92
nurse_n	scientist_n	2.08
politician_n	president_n	7.38
president_n	mayor_n	5.68
book_n	essay_n	4.72
man_n	warrior_n	4.72
article_n	journal_n	6.18
breakfast_n	supper_n	4.4
crowd_n	parade_n	3.93
aisle_n	hallway_n	6.75
teacher_n	rabbi_n	4.37
hip_n	lip_n	1.43
book_n	article_n	5.43
room_n	cell_n	4.58
box_n	booth_n	3.8
daughter_n	kid_n	4.17
limb_n	leg_n	6.9
liver_n	lung_n	2.7
classroom_n	hallway_n	2
mountain_n	ledge_n	3.73
car_n	elevator_n	1.03
bed_n	couch_n	3.42
clothes_n	button_n	2.3
clothes_n	coat_n	5.35
kidney_n	organ_n	6.17
apple_n	sauce_n	1.43
chicken_n	steak_n	3.73
car_n	hose_n	0.87
tobacco_n	cigarette_n	7.5
student_n	professor_n	1.95
baby_n	daughter_n	5
pipe_n	cigar_n	6.03
milk_n	juice_n	4.05
box_n	cigar_n	1.25
apartment_n	hotel_n	3.33
cup_n	cone_n	3.17
horse_n	ox_n	3.02
throat_n	nose_n	2.8
bone_n	teeth_n	4.17
bone_n	elbow_n	3.78
bacon_n	bean_n	1.22
cup_n	jar_n	5.13
proof_n	fact_n	7.3
appointment_n	engagement_n	6.75
birthday_n	year_n	1.67
word_n	clue_n	2.53
author_n	creator_n	8.02
atom_n	carbon_n	3.1
archbishop_n	bishop_n	7.05
letter_n	paragraph_n	4
page_n	paragraph_n	3.03
steeple_n	chapel_n	7.08
muscle_n	bone_n	3.65
muscle_n	tongue_n	5
boy_n	soldier_n	2.15
belly_n	abdomen_n	8.13
guy_n	girl_n	3.33
bed_n	chair_n	3.5
clothes_n	jacket_n	5.15
gun_n	knife_n	3.65
tin_n	metal_n	5.63
bottle_n	container_n	7.93
hen_n	turkey_n	6.13
meat_n	bread_n	1.67
arm_n	bone_n	3.83
neck_n	spine_n	5.32
apple_n	lemon_n	4.05
agony_n	grief_n	7.63
assignment_n	task_n	8.7
night_n	dawn_n	2.95
dinner_n	soup_n	3.72
calf_n	bull_n	4.93
snow_n	storm_n	4.8
nail_n	hand_n	3.42
dog_n	horse_n	2.38
arm_n	neck_n	1.58
ball_n	glove_n	1.75
flu_n	fever_n	6.08
fee_n	salary_n	3.72
nerve_n	brain_n	3.88
beast_n	animal_n	7.83
dinner_n	chicken_n	2.85
girl_n	maid_n	2.93
child_n	boy_n	5.75
alcohol_n	wine_n	7.42
nose_n	mouth_n	3.73
street_n	car_n	2.38
bell_n	door_n	2.2
box_n	hat_n	1.3
belief_n	impression_n	5.95
bias_n	opinion_n	5.6
attention_n	awareness_n	8.73
anger_n	mood_n	4.1
elegance_n	style_n	5.72
beauty_n	age_n	1.58
book_n	theme_n	2.58
friend_n	mother_n	2.53
vitamin_n	iron_n	5.55
car_n	factory_n	2.75
pact_n	condition_n	2.45
chapter_n	choice_n	0.48
arithmetic_n	rhythm_n	2.35
winner_n	presence_n	1.08
belief_n	flower_n	0.4
winner_n	goal_n	3.23
trick_n	size_n	0.48
choice_n	vein_n	0.98
hymn_n	conquest_n	0.68
endurance_n	band_n	0.4
jail_n	choice_n	1.08
condition_n	boy_n	0.48
flower_n	endurance_n	0.4
hole_n	agreement_n	0.3
doctor_n	temper_n	0.48
fraternity_n	door_n	0.68
task_n	woman_n	0.68
fraternity_n	baseball_n	0.88
cent_n	size_n	0.4
presence_n	door_n	0.48
mouse_n	management_n	0.48
task_n	highway_n	0.48
liquor_n	century_n	0.4
task_n	straw_n	0.68
island_n	task_n	0.3
night_n	chapter_n	0.48
pollution_n	president_n	0.68
gun_n	trick_n	0.48
bath_n	trick_n	0.58
diet_n	apple_n	1.18
cent_n	wife_n	0.58
chapter_n	tail_n	0.3
course_n	stomach_n	0.58
hymn_n	straw_n	0.4
dentist_n	colonel_n	0.4
wife_n	straw_n	0.4
hole_n	wife_n	0.68
pupil_n	president_n	0.78
bath_n	wife_n	0.48
people_n	cent_n	0.48
formula_n	log_n	1.77
woman_n	fur_n	0.58
apple_n	sunshine_n	0.58
gun_n	dawn_n	1.18
meal_n	waist_n	0.98
camera_n	president_n	0.48
liquor_n	band_n	0.68
stomach_n	vein_n	2.35
gun_n	fur_n	0.3
couch_n	baseball_n	0.88
worker_n	camera_n	0.68
deck_n	mouse_n	0.48
rice_n	boy_n	0.4
people_n	gun_n	0.68
cliff_n	tail_n	0.3
ankle_n	window_n	0.3
princess_n	island_n	0.3
container_n	mouse_n	0.3
wagon_n	container_n	2.65
people_n	balloon_n	0.48
dollar_n	people_n	0.4
bath_n	balloon_n	0.4
stomach_n	bedroom_n	0.4
bicycle_n	bedroom_n	0.4
log_n	bath_n	0.4
bowl_n	tail_n	0.48
go_v	come_v	2.42
take_v	steal_v	6.18
listen_v	hear_v	8.17
think_v	rationalize_v	8.25
occur_v	happen_v	9.32
vanish_v	disappear_v	9.8
multiply_v	divide_v	1.75
plead_v	beg_v	9.08
begin_v	originate_v	8.2
protect_v	defend_v	9.13
kill_v	destroy_v	5.9
create_v	make_v	8.72
accept_v	reject_v	0.83
ignore_v	avoid_v	6.87
carry_v	bring_v	5.8
leave_v	enter_v	0.95
choose_v	elect_v	7.62
lose_v	fail_v	7.33
encourage_v	discourage_v	1.58
achieve_v	accomplish_v	8.57
make_v	construct_v	8.33
listen_v	obey_v	4.93
inform_v	notify_v	9.25
receive_v	give_v	1.47
borrow_v	beg_v	2.62
take_v	obtain_v	7.1
advise_v	recommend_v	8.1
imitate_v	portray_v	6.75
win_v	succeed_v	7.9
think_v	decide_v	5.13
greet_v	meet_v	6.17
agree_v	argue_v	0.77
enjoy_v	entertain_v	5.92
destroy_v	make_v	1.6
save_v	protect_v	6.58
give_v	lend_v	7.22
understand_v	know_v	7.47
take_v	receive_v	5.08
accept_v	acknowledge_v	6.88
decide_v	choose_v	8.87
accept_v	believe_v	6.75
keep_v	possess_v	8.27
roam_v	wander_v	8.83
succeed_v	fail_v	0.83
spend_v	save_v	0.55
leave_v	go_v	7.63
come_v	attend_v	8.1
know_v	believe_v	5.5
gather_v	meet_v	7.3
make_v	earn_v	7.62
forget_v	ignore_v	3.07
multiply_v	add_v	2.7
shrink_v	grow_v	0.23
arrive_v	leave_v	1.33
succeed_v	try_v	3.98
accept_v	deny_v	1.75
arrive_v	come_v	7.05
agree_v	differ_v	1.05
send_v	receive_v	1.08
win_v	dominate_v	5.68
add_v	divide_v	2.3
kill_v	choke_v	4.92
acquire_v	get_v	8.82
participate_v	join_v	7.7
leave_v	remain_v	2.53
go_v	enter_v	4
take_v	carry_v	5.23
forget_v	learn_v	1.18
appoint_v	elect_v	8.17
engage_v	marry_v	5.43
ask_v	pray_v	3.72
go_v	send_v	3.75
take_v	deliver_v	4.37
speak_v	hear_v	3.02
analyze_v	evaluate_v	8.03
argue_v	rationalize_v	4.2
lose_v	keep_v	1.05
compare_v	analyze_v	8.1
disorganize_v	organize_v	1.45
go_v	allow_v	3.62
take_v	possess_v	7.2
learn_v	listen_v	3.88
destroy_v	construct_v	0.92
create_v	build_v	8.48
steal_v	buy_v	1.13
kill_v	hang_v	4.45
forget_v	know_v	0.92
create_v	imagine_v	5.13
do_v	happen_v	4.23
win_v	accomplish_v	7.85
give_v	deny_v	1.43
deserve_v	earn_v	5.8
get_v	put_v	1.98
locate_v	find_v	8.73
appear_v	attend_v	6.28
know_v	comprehend_v	7.63
pretend_v	imagine_v	8.47
satisfy_v	please_v	7.67
cherish_v	keep_v	4.85
argue_v	differ_v	5.15
overcome_v	dominate_v	6.25
behave_v	obey_v	7.3
cooperate_v	participate_v	6.43
achieve_v	try_v	4.42
fail_v	discourage_v	3.33
begin_v	quit_v	1.28
say_v	participate_v	3.82
come_v	bring_v	2.42
declare_v	announce_v	9.08
read_v	comprehend_v	4.7
take_v	leave_v	2.47
proclaim_v	announce_v	8.18
acquire_v	obtain_v	8.57
conclude_v	decide_v	7.75
please_v	plead_v	2.98
argue_v	prove_v	4.83
ask_v	plead_v	6.47
find_v	disappear_v	0.77
inspect_v	examine_v	8.75
verify_v	justify_v	4.08
assume_v	predict_v	4.85
learn_v	evaluate_v	4.17
argue_v	justify_v	5
make_v	become_v	4.77
discover_v	originate_v	4.83
achieve_v	succeed_v	7.5
give_v	put_v	3.65
understand_v	listen_v	4.68
expand_v	grow_v	8.27
borrow_v	sell_v	1.73
keep_v	protect_v	5.4
explain_v	prove_v	4.1
assume_v	pretend_v	3.72
agree_v	please_v	4.13
forgive_v	forget_v	3.92
clarify_v	explain_v	8.33
understand_v	forgive_v	4.87
remind_v	forget_v	0.87
get_v	remain_v	1.6
realize_v	discover_v	7.47
require_v	inquire_v	1.82
ignore_v	ask_v	1.07
think_v	inquire_v	4.77
reject_v	avoid_v	4.78
argue_v	persuade_v	6.23
pursue_v	persuade_v	3.17
accept_v	forgive_v	3.73
do_v	quit_v	1.17
investigate_v	examine_v	8.1
discuss_v	explain_v	6.67
owe_v	lend_v	2.32
explore_v	discover_v	8.48
complain_v	argue_v	4.8
withdraw_v	reject_v	6.38
keep_v	borrow_v	2.25
beg_v	ask_v	6
arrange_v	organize_v	8.27
reduce_v	shrink_v	8.02
speak_v	acknowledge_v	4.67
give_v	borrow_v	2.22
kill_v	defend_v	2.63
disappear_v	shrink_v	5.8
deliver_v	carry_v	3.88
breathe_v	choke_v	1.37
acknowledge_v	notify_v	5.3
become_v	seem_v	2.63
pretend_v	seem_v	4.68
accomplish_v	become_v	4
contemplate_v	think_v	8.82
determine_v	predict_v	5.8
please_v	entertain_v	5
remain_v	retain_v	5.75
pretend_v	portray_v	7.03
forget_v	retain_v	0.63
want_v	choose_v	4.78
lose_v	get_v	0.77
try_v	think_v	2.62
become_v	appear_v	4.77
leave_v	ignore_v	4.42
accept_v	recommend_v	2.75
leave_v	wander_v	3.57
keep_v	give_v	1.05
give_v	allow_v	5.15
bring_v	send_v	2.97
absorb_v	learn_v	5.48
acquire_v	find_v	6.38
leave_v	appear_v	0.97
create_v	destroy_v	0.63
begin_v	go_v	7.42
get_v	buy_v	5.08
collect_v	save_v	6.67
replace_v	restore_v	5.73
join_v	add_v	8.1
join_v	marry_v	5.35
accept_v	deliver_v	1.58
attach_v	join_v	7.75
put_v	hang_v	3
go_v	sell_v	0.97
communicate_v	pray_v	3.55
give_v	steal_v	0.5
add_v	build_v	4.92
bring_v	restore_v	2.62
comprehend_v	satisfy_v	2.55
portray_v	decide_v	1.18
organize_v	become_v	1.77
give_v	know_v	0.88
say_v	verify_v	4.9
cooperate_v	join_v	5.18
arrange_v	require_v	0.98
borrow_v	want_v	1.77
investigate_v	pursue_v	7.15
ignore_v	explore_v	0.4
bring_v	complain_v	0.98
enter_v	owe_v	0.68
portray_v	notify_v	0.78
remind_v	sell_v	0.4
absorb_v	possess_v	5
join_v	acquire_v	2.85
send_v	attend_v	1.67
gather_v	attend_v	4.8
absorb_v	withdraw_v	2.97
attend_v	arrive_v	6.08